[{"NPA":["1853","1856","1860"],"canton":"Vaud","eglise":"EERV","meta":["Fontanney","Versvey"],"name":"Aigle – Yvorne – Corbeyrier","permalink":"https://ma-paroisse.ch/vd/aigle/","region":"Chablais vaudois","territoire":["Aigle","Corbeyrier","Yvorne"],"title":"Paroisse d'Aigle – Yvorne – Corbeyrier"},{"NPA":["1410","1470","1473","1475","1486","1489","1541","1542","1468","1470","1473","1474","1475","1482","1483","1485","1489","1532","1533","1541","1542","1544","1565","1566","1567","1568","1775"],"canton":"Fribourg","eglise":"EERF","meta":["Autavaux","Bollion","Bussy","Cheiry","Domdidier","Dompierre","Estavayer-le-Lac","Font","Forel","Franex","Grandsivaz","La Counaise","Léchelles","Mannens","Montborget","Montbrelloz","Morens","Murist","Rueyres-les-Prés","Russy","Seiry","Vernay","Vesin","St-Aubin"],"name":"Estavayer-le-Lac","permalink":"https://ma-paroisse.ch/fr/estavayer/","region":null,"territoire":["Belmont-Broye","Châtillon","Cheyres-Châbles","Cugy","Delley-Portalban","Estavayer","Fétigny","Gletterens","Les Montets","Lully","Menières","Montagny","Nuvilly","Prévondavaux","Saint-Aubin","Sévaz","Surpierre","Vallon","Villeneuve","Vuissens"],"title":"Paroisse d'Estavayer-le-Lac"},{"NPA":["1867","1884","1885"],"canton":"Vaud","eglise":"EERV","meta":["Antagnes","Arveyes","Auliens","Bretaye","Chesières","Crettaz","Exergillod","Forchex","Glutieres","Huémoz","Les Combes","Les Écovets","Les Fontaines","Ollon","Pallueyres","Panex","Plambuit","Plan d'Essert","Saint-Triphon","St-Triphon","Salaz","Verschiez","Villars-sur-Ollon","Villy"],"name":"Ollon - Villars","permalink":"https://ma-paroisse.ch/vd/ollon-villars/","region":"Chablais vaudois","territoire":["Ollon"],"title":"Paroisse d'Ollon - Villars"},{"NPA":["1212","1213","1232","1233"],"canton":"Genève","eglise":"EPG","meta":["Grand-Lancy","Petit-Lancy"],"name":"Onex","permalink":"https://ma-paroisse.ch/ge/onex/","region":"Plateau-Champagne","territoire":["Bernex","Confignon","Lancy","Onex"],"title":"Paroisse d'Onex"},{"NPA":["1321","1350","1352","1353"],"canton":"Vaud","eglise":"EERV","meta":null,"name":"Orbe - Agiez","permalink":"https://ma-paroisse.ch/vd/orbe-agiez/","region":"Joux - Orbe","territoire":["Agiez","Arnex-sur-Orbe","Bofflens","Orbe"],"title":"Paroisse d'Orbe - Agiez"},{"NPA":["1078","1607","1608","1610","1612","1613"],"canton":"Vaud","eglise":"EERV","meta":["Bussigny-sur-Oron","Chesalles-sur-Oron","Châtillens","Écoteaux","La Rogivue","Les Tavernes","Les Thioleyres","Oron-la-Ville","Oron-le-Châtel","Palézieux","Palézieux-Village","Serix","Vuibroye"],"name":"Oron - Palézieux","permalink":"https://ma-paroisse.ch/vd/oron-palezieux/","region":"La Broye","territoire":["Essertes","Maracon","Oron"],"title":"Paroisse d'Oron - Palézieux"},{"NPA":["1400"],"canton":"Vaud","eglise":"EERV","meta":["Gressy","Yverdon-les-Bains"],"name":"Yverdon-Fontenay - Les Cygnes","permalink":"https://ma-paroisse.ch/vd/yverdon-fontenay-les-cygnes/","region":"Nord vaudois","territoire":["Cheseaux-Noréaz","Yverdon-les-Bains"],"title":"Paroisse d'Yverdon-Fontenay - Les Cygnes"},{"NPA":["1400"],"canton":"Vaud","eglise":"EERV","meta":["Gressy","Yverdon-les-Bains"],"name":"Yverdon-Temple","permalink":"https://ma-paroisse.ch/vd/yverdon-temple/","region":"Nord vaudois","territoire":["Cheseaux-Noréaz","Yverdon-les-Bains"],"title":"Paroisse d'Yverdon-Temple"},{"NPA":["1404","1462","1463"],"canton":"Vaud","eglise":"EERV","meta":["Arrissoules","La Grand-Moille","La Mauguettaz","Le Moulin","Niédens","Rovray"],"name":"Yvonand","permalink":"https://ma-paroisse.ch/vd/yvonand/","region":"Nord vaudois","territoire":["Cuarny","Rovray","Villars-Epeney","Yvonand"],"title":"Paroisse d'Yvonand"},{"NPA":["1040"],"canton":"Vaud","eglise":"EERV","meta":["St-Barthélemy"],"name":"Échallens","permalink":"https://ma-paroisse.ch/vd/echallens/","region":"Gros-de-Vaud - Venoge","territoire":["Échallens","Saint-Barthélemy","Villars-le-Terroir"],"title":"Paroisse d'Échallens"},{"NPA":["1024","1025"],"canton":"Vaud","eglise":"EERV","meta":["St-Sulpice"],"name":"Écublens - Saint-Sulpice","permalink":"https://ma-paroisse.ch/vd/ecublens-st-sulpice/","region":"Les Chamberonnes","territoire":["Écublens","Saint-Sulpice"],"title":"Paroisse d'Écublens - Saint-Sulpice"},{"NPA":["1222","1244","1245","1246","1247","1248"],"canton":"Genève","eglise":"EPG","meta":["Corsier","Vésenaz"],"name":"Anières-Vésenaz","permalink":"https://ma-paroisse.ch/ge/anieres-vesenaz/","region":"Arve et Lac","territoire":["Anières","Choulex","Collonge-Bellerive","Corsier","Hermance"],"title":"Paroisse de Anières-Vésenaz"},{"NPA":["1203","1214","1219"],"canton":"Genève","eglise":"EPG","meta":["Aïre","Châtelaine","Le Lignon"],"name":"Aïre Le Lignon","permalink":"https://ma-paroisse.ch/ge/aire-le-lignon/","region":"Rhône-Mandement","territoire":["Genève","Vernier"],"title":"Paroisse de Aïre Le Lignon"},{"NPA":["1338","1354","1355","1356","1357"],"canton":"Vaud","eglise":"EERV","meta":["La Russille","Le Vailloud"],"name":"Ballaigues - Lignerolle","permalink":"https://ma-paroisse.ch/vd/ballaigues-lignerolle/","region":"Joux - Orbe","territoire":["Ballaigues","L'Abergement","Les Clées","Lignerolle","Montcherand","Sergey"],"title":"Paroisse de Ballaigues - Lignerolle"},{"NPA":["1358","1439","1445","1446"],"canton":"Vaud","eglise":"EERV","meta":["Peney"],"name":"Baulmes - Rances","permalink":"https://ma-paroisse.ch/vd/baulmes-rances/","region":"Joux - Orbe","territoire":["Baulmes","Rances","Valeyres-sous-Rances","Vuiteboeuf"],"title":"Paroisse de Baulmes - Rances"},{"NPA":["1261","1268","1269"],"canton":"Vaud","eglise":"EERV","meta":["Hameau de la Cézille (poste de Begnins)"],"name":"Begnins - Burtigny","permalink":"https://ma-paroisse.ch/vd/begnins-burtigny/","region":"La Côte","territoire":["Bassins","Begnins","Burtigny","Le Vaud","Longirod","Marchissy"],"title":"Paroisse de Begnins - Burtigny"},{"NPA":["1004","1018"],"canton":"Vaud","eglise":"EERV","meta":["Le Chalet-à-Gobet","Montblesson","Montheron","Vernand-Dessous","Vernand-Dessus","Vers-chez-les-Blanc","St-Luc"],"name":"Bellevaux - Saint-Luc","permalink":"https://ma-paroisse.ch/vd/bellevaux-st-luc/","region":"Lausanne - Épalinges","territoire":["Lausanne"],"title":"Paroisse de Bellevaux - Saint-Luc"},{"NPA":["1090","1092","1095"],"canton":"Vaud","eglise":"EERV","meta":["Bossières","Châtelard-Lutry","Corsy","La Conversion","La Croix (Lutry)","Les Echerins","Savuit"],"name":"Belmont - Lutry","permalink":"https://ma-paroisse.ch/vd/belmont-lutry/","region":"Lavaux","territoire":["Belmont-sur-Lausanne","Lutry"],"title":"Paroisse de Belmont-Lutry"},{"NPA":["1213","1228","1232","1233","1236"],"canton":"Genève","eglise":"EPG","meta":["Petit-Lancy"],"name":"Bernex-Confignon","permalink":"https://ma-paroisse.ch/ge/bernex-confignon/","region":"Plateau-Champagne","territoire":["Bernex","Cartigny","Confignon","Lancy","Onex","Plan-les-Ouates"],"title":"Paroisse de Bernex-Confignon"},{"NPA":["2500","2501","2502","2503","2504","2505","2533","2533"],"canton":"Berne","eglise":"RefBeJuSo","meta":["Boujean","Mâche","Macolin","Madretsch","Pasquart"],"name":"Bienne","permalink":"https://ma-paroisse.ch/be/bienne/","region":null,"territoire":["Bienne","Évilard"],"title":"Paroisse de Bienne"},{"NPA":["1806","1807"],"canton":"Vaud","eglise":"EERV","meta":["Bains-de-l'Alliaz","Clies","Hauteville","L'Alliaz","La Chiésaz","Lally","Les Chevalleyres","Les Pléiades","St-Légier"],"name":"Blonay - Saint-Légier","permalink":"https://ma-paroisse.ch/vd/blonay-st-legier/","region":"Riviera - Pays-d'Enhaut","territoire":["Blonay","Saint-Légier-La Chiésaz"],"title":"Paroisse de Blonay - Saint-Légier"},{"NPA":["1029","1030"],"canton":"Vaud","eglise":"EERV","meta":["Villars-Ste-Croix"],"name":"Bussigny - Villars-Sainte-Croix","permalink":"https://ma-paroisse.ch/vd/bussigny-villars-ste-croix/","region":"Les Chamberonnes","territoire":["Bussigny","Villars-Sainte-Croix"],"title":"Paroisse de Bussigny - Villars-Sainte-Croix"},{"NPA":["2733","2735"],"canton":"Berne","eglise":"RefBeJuSo","meta":["Bévilard","Malleray","Pontenet"],"name":"Bévilard","permalink":"https://ma-paroisse.ch/be/bevilard/","region":"Par8","territoire":["Champoz","Valbirse"],"title":"Paroisse de Bévilard"},{"NPA":["1227"],"canton":"Genève","eglise":"EPG","meta":["Carouge","Les Acacias"],"name":"Carouge","permalink":"https://ma-paroisse.ch/ge/carouge/","region":"Salève","territoire":["Carouge","Genève"],"title":"Paroisse de Carouge"},{"NPA":["1003","1004","1005","1009","1010","1011","1012","1066"],"canton":"Vaud","eglise":"EERV","meta":["Le Chalet-à-Gobet","Les Monts-de-Pully","Montblesson","Montheron","Trois Chasseurs","Vernand-Dessous","Vernand-Dessus","Vers-chez-les-Blanc"],"name":"Chailly - La Cathédrale","permalink":"https://ma-paroisse.ch/vd/chailly-cathedrale/","region":"Lausanne - Épalinges","territoire":["Épalinges","Lausanne","Pully"],"title":"Paroisse de Chailly - La Cathédrale"},{"NPA":["1205","1206","1208","1231"],"canton":"Genève","eglise":"EPG","meta":["Conches"],"name":"Champel-Malagnou","permalink":"https://ma-paroisse.ch/ge/champel-malagnou/","region":"Centre-ville rive gauche","territoire":["Chêne-Bougeries","Genève"],"title":"Paroisse de Champel-Malagnou"},{"NPA":["1801","1803","1805"],"canton":"Vaud","eglise":"EERV","meta":["Le Mont-Pèlerin"],"name":"Chardonne - Jongny","permalink":"https://ma-paroisse.ch/vd/chardonne-jongny/","region":"Riviera - Pays-d'Enhaut","territoire":["Chardonne","Jongny"],"title":"Paroisse de Chardonne - Jongny"},{"NPA":["1020","1022","1024"],"canton":"Vaud","eglise":"EERV","meta":null,"name":"Chavannes - Epenex","permalink":"https://ma-paroisse.ch/vd/chavannes-epenex/","region":"Les Chamberonnes","territoire":["Chavannes-près-Renens","Écublens","Renens"],"title":"Paroisse de Chavannes - Epenex"},{"NPA":["1372","1373","1374","1435"],"canton":"Vaud","eglise":"EERV","meta":["Chavornay","Corcelles-sur-Chavornay","Essert-Pittet","Le Coudray","Le Pâquier"],"name":"Chavornay","permalink":"https://ma-paroisse.ch/vd/chavornay/","region":"Joux - Orbe","territoire":["Bavois","Chavornay"],"title":"Paroisse de Chavornay"},{"NPA":["1000","1032","1033"],"canton":"Vaud","eglise":"EERV","meta":["Lausanne 25","Lausanne 26","Lausanne 27","Le Chalet-à-Gobet","Montblesson","Montheron","Vernand-Dessous","Vernand-Dessus","Vers-chez-les-Blanc"],"name":"Cheseaux - Romanel","permalink":"https://ma-paroisse.ch/vd/cheseaux-romanel/","region":"Les Chamberonnes","territoire":["Cheseaux-sur-Lausanne","Lausanne","Romanel-sur-Lausanne"],"title":"Paroisse de Cheseaux - Romanel"},{"NPA":["1609","1611","1614","1615","1616","1617","1618","1619","1623","1624","1699"],"canton":"Fribourg","eglise":"EERF","meta":["Besencens","Bouloz","Châtel-St-Denis","Fiaugères","Grattavache","Le Crêt","Les Paccots","Pont","Porsel","Progens","St-Martin"],"name":"Châtel-Saint-Denis-La Veveyse","permalink":"https://ma-paroisse.ch/fr/chatel-st-denis-veveyse/","region":null,"territoire":["Attalens","Bossonnens","Châtel-Saint-Denis","Granges","La Verrerie","Le Flon","Remaufens","Saint-Martin","Semsales"],"title":"Paroisse de Châtel-Saint-Denis-La Veveyse"},{"NPA":["1203","1214","1219","1220"],"canton":"Genève","eglise":"EPG","meta":["Aïre","Châtelaine","Le Lignon","Les Avanchets"],"name":"Châtelaine-Cointrin-Avanchets","permalink":"https://ma-paroisse.ch/ge/chatelaine-cointrin-avanchets/","region":"Rhône-Mandement","territoire":["Genève","Vernier"],"title":"Paroisse de Châtelaine-Cointrin-Avanchets"},{"NPA":["1208","1223","1224","1225","1226","1231","1241","1253"],"canton":"Genève","eglise":"EPG","meta":["Conches","Vandoeuvres"],"name":"Chêne","permalink":"https://ma-paroisse.ch/ge/chene/","region":"Arve et Lac","territoire":["Chêne-Bougeries","Chêne-Bourg","Cologny","Genève","Puplinge","Thônex","Vandœuvres"],"title":"Paroisse de Chêne"},{"NPA":["1815","1816","1817","1820","1823","1824","1832","1833"],"canton":"Vaud","eglise":"EERV","meta":["Baugy","Brent","Caux","Chailly-Montreux","Chailly-sur-Clarens","Chamby","Chaulin","Chernex","Chêne","Clarens","Collonge","Cornaux","Crin","Fontanivent","Glion","Les Avants","Les Planches","Mont-Fleuri","Pallens","Pertit","Planchamp","Sonzier","Sâles","Tavel","Territet","Vernex","Villard-sur-Chamby","Vuarennes"],"name":"Clarens","permalink":"https://ma-paroisse.ch/vd/clarens/","region":"Riviera - Pays-d'Enhaut","territoire":["Montreux","Veytaux"],"title":"Paroisse de Clarens"},{"NPA":null,"canton":"Genève","eglise":"EPG","meta":null,"name":"Cologny-Vandoeuvres-Choulex","permalink":"https://ma-paroisse.ch/ge/cologny-vandoeuvres-choulex/","region":"Arve et Lac","territoire":null,"title":"Paroisse de Cologny-Vandoeuvres-Choulex"},{"NPA":["2606","2607"],"canton":"Berne","eglise":"RefBeJuSo","meta":null,"name":"Corgémont-Cortébert","permalink":"https://ma-paroisse.ch/be/corgemont-cortebert/","region":"Erguël","territoire":["Corgémont","Cortébert"],"title":"Paroisse de Corgémont-Cortébert"},{"NPA":["1802","1804","1808","1809"],"canton":"Vaud","eglise":"EERV","meta":["Fenil-sur-Corsier","Les Monts-de-Corsier"],"name":"Corsier - Corseaux","permalink":"https://ma-paroisse.ch/vd/corsier-corseaux/","region":"Riviera - Pays-d'Enhaut","territoire":["Corseaux","Corsier-sur-Vevey"],"title":"Paroisse de Corsier - Corseaux"},{"NPA":["1117","1124","1304","1307","1308"],"canton":"Vaud","eglise":"EERV","meta":["Allens","Cossonay-Ville","Lussery","Villars-Lussery"],"name":"Cossonay - Grancy","permalink":"https://ma-paroisse.ch/vd/cossonay-grancy/","region":"Gros-de-Vaud - Venoge","territoire":["Cossonay","Dizy","Gollion","Grancy","La Chaux (Cossonay)","Lussery-Villars","Senarclens"],"title":"Paroisse de Cossonay - Grancy"},{"NPA":["2736","2738"],"canton":"Berne","eglise":"RefBeJuSo","meta":null,"name":"Court","permalink":"https://ma-paroisse.ch/be/court/","region":"Par8","territoire":["Court","Sorvilier"],"title":"Paroisse de Court"},{"NPA":["2608","2612"],"canton":"Berne","eglise":"RefBeJuSo","meta":null,"name":"Courtelary-Cormoret","permalink":"https://ma-paroisse.ch/be/courtelary-cormoret/","region":"Erguël","territoire":["Cormoret","Courtelary"],"title":"Paroisse de Courtelary-Cormoret"},{"NPA":["1023"],"canton":"Vaud","eglise":"EERV","meta":null,"name":"Crissier","permalink":"https://ma-paroisse.ch/vd/crissier/","region":"Les Chamberonnes","territoire":["Crissier"],"title":"Paroisse de Crissier"},{"NPA":["1000","1521","1522","1526","1682","1683"],"canton":"Vaud","eglise":"EERV","meta":["Brenles","Cerniaz","Cerniaz","Chesalles-sur-Moudon","Combremont-le-Grand","Combremont-le-Petit","Cremin","Forel-sur-Lucens","Granges-près-Marnand","Lausanne 25","Lausanne 26","Lausanne 27","Le Chalet-à-Gobet","Lucens","Marnand","Montblesson","Montheron","Oulens-sur-Lucens","Sarzens","Sassel","Seigneux","Vernand-Dessous","Vernand-Dessus","Vers-chez-les-Blanc","Villars-Bramard"],"name":"Curtilles - Lucens","permalink":"https://ma-paroisse.ch/vd/curtilles-lucens/","region":"La Broye","territoire":["Curtilles","Dompierre","Lausanne","Lovatens","Lucens","Prévonloup","Valbroye"],"title":"Paroisse de Curtilles - Lucens"},{"NPA":["2800","2802","2805","2806","2807","2812","2813","2822","2823","2824","2825","2826","2827","2828","2829","2830","2832","2842","2843","2852","2853","2854","2855","2856","2857","2863","2864","2873","2883","2885"],"canton":"Jura","eglise":"RefBeJuSo","meta":["Bassecourt","Berlincourt","Choindez","Corban","Courfaivre","Glovelier","Montsevelier","Rebeuvelier","Recolaine","Soulce","Undervelier","Vellerat","Vermes","Vicques"],"name":"Delémont","permalink":"https://ma-paroisse.ch/ju/delemont/","region":null,"territoire":["Boécourt","Bourrignon","Châtillon","Courchapoix","Courrendlin","Courroux","Courtételle","Delémont","Develier","Ederswiler","Haute-Sorne","Mervelier","Mettembert","Movelier","Pleigne","Rossemaison","Saulcy","Soyhières","Val Terbi"],"title":"Paroisse de Delémont"},{"NPA":["2515","2516","2517"],"canton":"Berne","eglise":"RefBeJuSo","meta":["Diesse","Lamboing","Prêles"],"name":"Diesse","permalink":"https://ma-paroisse.ch/be/diesse/","region":"Lac-en-Ciel","territoire":["Plateau de Diesse"],"title":"Paroisse de Diesse"},{"NPA":["1266","1270","1271","1272"],"canton":"Vaud","eglise":"EERV","meta":null,"name":"Genolier","permalink":"https://ma-paroisse.ch/vd/genolier/","region":"La Côte","territoire":["Duillier","Genolier","Givrins","Trélex"],"title":"Paroisse de Genolier"},{"NPA":["1186","1187","1188","1189","1261"],"canton":"Vaud","eglise":"EERV","meta":["Bugnaux","Châtel-sur-Rolle","Creux du Mas","Roussillon","St-George","St-Oyens"],"name":"Gimel - Longirod","permalink":"https://ma-paroisse.ch/vd/gimel-longirod/","region":"Morges - Aubonne","territoire":["Essertines-sur-Rolle","Gimel","Le Vaud","Longirod","Marchissy","Saint-George","Saint-Oyens","Saubraz"],"title":"Paroisse de Gimel - Longirod"},{"NPA":["1196","1267"],"canton":"Vaud","eglise":"EERV","meta":null,"name":"Gland","permalink":"https://ma-paroisse.ch/vd/gland/","region":"La Côte","territoire":["Coinsins","Gland","Vich"],"title":"Paroisse de Gland"},{"NPA":["1422","1429","1430"],"canton":"Vaud","eglise":"EERV","meta":["Bru","Corcelettes","La Perraudettaz","La Poissine","Les Tuileries-de-Grandson","Péroset"],"name":"Grandson","permalink":"https://ma-paroisse.ch/vd/grandson/","region":"Nord vaudois","territoire":["Giez","Grandson","Orges"],"title":"Paroisse de Grandson"},{"NPA":["2743","2745","2746","2747"],"canton":"Berne","eglise":"RefBeJuSo","meta":null,"name":"Grandval","permalink":"https://ma-paroisse.ch/be/grandval/","region":"Par8","territoire":["Corcelles","Crémines","Eschert","Grandval"],"title":"Paroisse de Grandval"},{"NPA":["1523","1524","1525","1534","1535","1536","1537","1538","1552","1554","1555","1682"],"canton":"Vaud","eglise":"EERV","meta":["Cerniaz","Cerniaz","Combremont-le-Grand","Combremont-le-Petit","Granges-près-Marnand","Granges-sous-Trey","Marnand","Rossens","Rossens","Sassel","Seigneux","Sédeilles","Villars-Bramard","Villarzel"],"name":"Granges et environs","permalink":"https://ma-paroisse.ch/vd/granges-environs/","region":"La Broye","territoire":["Champtauroz","Dompierre","Henniez","Lovatens","Prévonloup","Trey","Treytorrens (Payerne)","Valbroye","Villarzel"],"title":"Paroisse de Granges et environs"},{"NPA":["2710","2712","2713","2732"],"canton":"Berne","eglise":"RefBeJuSo","meta":["Bellelay","Chaindon","La Bottiere","La Tanne","Le Fuet","Montbautier"],"name":"Haute-Birse","permalink":"https://ma-paroisse.ch/be/haute-birse/","region":"Par8","territoire":["Loveresse","Reconvilier","Saicourt","Saules","Tavannes"],"title":"Paroisse de Haute-Birse"},{"NPA":["1241","1243","1244","1251","1252","1254"],"canton":"Genève","eglise":"EPG","meta":null,"name":"Jussy-Gy-Meinier-Presinge-Puplinge","permalink":"https://ma-paroisse.ch/ge/jussy-gy-meinier-presinge-puplinge/","region":"Arve et Lac","territoire":["Choulex","Gy","Jussy","Meinier","Presinge","Puplinge"],"title":"Paroisse de Jussy-Gy-Meinier-Presinge-Puplinge"},{"NPA":["1420","1421","1423","1424","1427","1431"],"canton":"Vaud","eglise":"EERV","meta":["Fontanezier","La Mothe","Romairon","Vaugondry","Villars-Burquin","les Vullierens"],"name":"L'Arnon","permalink":"https://ma-paroisse.ch/vd/arnon/","region":"Nord vaudois","territoire":["Bonvillars","Champagne","Fiez","Fontaines-sur-Grandson","Grandevent","Novalles","Tévenon","Vugelles-La Mothe"],"title":"Paroisse de L'Arnon"},{"NPA":["1204","1205","1227"],"canton":"Genève","eglise":"EPG","meta":["Carouge","Les Acacias"],"name":"Arve","permalink":"https://ma-paroisse.ch/ge/arve/","region":"Centre-ville rive gauche","territoire":["Carouge","Genève"],"title":"Paroisse de l'Arve"},{"NPA":["1163","1164","1165","1170","1172","1173","1174","1175","1176"],"canton":"Vaud","eglise":"EERV","meta":["Aubonne","La Martheray","Le Saugey","Les Cassivettes","Montherod","Pizy","Signal-de-Bougy","St-Livres"],"name":"L'Aubonne","permalink":"https://ma-paroisse.ch/vd/aubonne/","region":"Morges - Aubonne","territoire":["Allaman","Aubonne","Bougy-Villars","Buchillon","Étoy","Féchy","Lavigny","Saint-Livres"],"title":"Paroisse de L'Aubonne"},{"NPA":["2068","2072","2073","2074","2075","2087","2088","2523","2525"],"canton":"Neuchâtel","eglise":"EREN","meta":["Marin","Épagnier","Thielle","Wavre","Entre-deux-Lacs","St-Blaise"],"name":"Entre-2-Lacs","permalink":"https://ma-paroisse.ch/ne/entre-2-lacs/","region":null,"territoire":["Cornaux","Cressier","Enges","Hauterive","La Tène","Le Landeron","Lignières","Saint-Blaise"],"title":"Paroisse de L'Entre-2-Lacs"},{"NPA":["2012","2013","2014","2019","2037","2149"],"canton":"Neuchâtel","eglise":"EREN","meta":["Auvernier","Bôle","Brot-Dessous","Chambrelien","Champ-du-Moulin","Colombier","Fretereules","Les Grattes","Montezillon"],"name":"La BARC","permalink":"https://ma-paroisse.ch/ne/barc/","region":null,"territoire":["Milvignes","Rochefort"],"title":"Paroisse de La BARC"},{"NPA":["1236","1237","1281","1284","1285","1286","1287","1288"],"canton":"Genève","eglise":"EPG","meta":["Athenaz"],"name":"Champagne","permalink":"https://ma-paroisse.ch/ge/champagne/","region":"Plateau-Champagne","territoire":["Aire-la-Ville","Avully","Avusy","Cartigny","Chancy","Laconnex","Russin","Soral"],"title":"Paroisse de la Champagne"},{"NPA":["2034","2035","2036"],"canton":"Neuchâtel","eglise":"EREN","meta":["Neuchâtel"],"name":"La Côte","permalink":"https://ma-paroisse.ch/ne/cote/","region":null,"territoire":["Corcelles-Cormondrèche","Peseux"],"title":"Paroisse de La Côte"},{"NPA":["1262","1263","1274","1275","1276","1277","1278"],"canton":"Vaud","eglise":"EERV","meta":["Avenex","Bonmont","La Florettaz","Petit-Eysins","Signy","Tranchepied"],"name":"La Dôle","permalink":"https://ma-paroisse.ch/vd/dole/","region":"La Côte","territoire":["Arnex-sur-Nyon","Borex","Chéserex","Crassier","Eysins","Gingins","Grens","La Rippe","Signy-Avenex"],"title":"Paroisse de La Dôle"},{"NPA":["2333"],"canton":"Berne","eglise":"RefBeJuSo","meta":["La Basse-Ferrière","La Chaux-d'Abel","La Cibourg"],"name":"La Ferrière","permalink":"https://ma-paroisse.ch/be/ferriere/","region":"Erguël","territoire":["La Ferrière"],"title":"Paroisse de La Ferrière"},{"NPA":["1041","1043","1058"],"canton":"Vaud","eglise":"EERV","meta":["Dommartin","Montaubion-Chardonney","Naz","Peney-le-Jorat","Poliez-le-Grand","Sottens","Sugnens","Villars-Mendraz","Villars-Tiercelin"],"name":"Haute-Menthue","permalink":"https://ma-paroisse.ch/vd/haute-menthue/","region":"Gros-de-Vaud - Venoge","territoire":["Bottens","Jorat-Menthue","Montilliez","Poliez-Pittet"],"title":"Paroisse de la Haute-Menthue"},{"NPA":["2520"],"canton":"Berne","eglise":"RefBeJuSo","meta":null,"name":"La Neuveville","permalink":"https://ma-paroisse.ch/be/neuveville/","region":"Lac-en-Ciel","territoire":["La Neuveville"],"title":"Paroisse de La Neuveville"},{"NPA":["1312","1313","1315","1316","1317","1318"],"canton":"Vaud","eglise":"EERV","meta":["Saint-Loup","St-Loup"],"name":"La Sarraz","permalink":"https://ma-paroisse.ch/vd/sarraz/","region":"Gros-de-Vaud - Venoge","territoire":["Chevilly","Éclépens","Ferreyres","La Sarraz","Orny","Pompaples"],"title":"Paroisse de La Sarraz"},{"NPA":["1814"],"canton":"Vaud","eglise":"EERV","meta":["Burier"],"name":"La Tour-de-Peilz","permalink":"https://ma-paroisse.ch/vd/tour-de-peilz/","region":"Riviera - Pays-d'Enhaut","territoire":["La Tour-de-Peilz"],"title":"Paroisse de La Tour-de-Peilz"},{"NPA":["1341","1343","1342","1344","1345","1346","1347","1348"],"canton":"Vaud","eglise":"EERV","meta":["Chez-le-Maître","L'Orient","La Golisse","Le Brassus","Le Campe","Le Lieu","Le Marchairuz","Le Pont","Le Rocheray","Le Sentier","Le Solliat","Le Séchey","Les Bioux","Les Charbonnières","Les Esserts-de-Rive","Piguet-Dessous","Piguet-Dessus"],"name":"La Vallée","permalink":"https://ma-paroisse.ch/vd/vallee/","region":"Joux - Orbe","territoire":["L'Abbaye","Le Chenit","Le Lieu"],"title":"Paroisse de La Vallée"},{"NPA":["1212","1227"],"canton":"Genève","eglise":"EPG","meta":["Carouge","Grand-Lancy","Les Acacias"],"name":"Lancy-Grand-Sud","permalink":"https://ma-paroisse.ch/ge/lancy-grand-sud/","region":"Salève","territoire":["Carouge","Genève","Lancy"],"title":"Paroisse de Lancy Grand-Sud"},{"NPA":["1026","1027","1028","1115","1121","1123"],"canton":"Vaud","eglise":"EERV","meta":null,"name":"Lonay - Préverenges - Vullierens","permalink":"https://ma-paroisse.ch/vd/lonay-preverenges-vullierens/","region":"Morges - Aubonne","territoire":["Aclens","Bremblens","Denges","Échandens","Lonay","Préverenges","Vullierens"],"title":"Paroisse de Lonay - Préverenges - Vullierens"},{"NPA":["1795","1796","3280"],"canton":"Fribourg","eglise":"EERF","meta":["Coulevon"],"name":"Meyriez","permalink":"https://ma-paroisse.ch/fr/meyriez/","region":null,"territoire":["Courgevaux","Meyriez","Morat","Greng"],"title":"Paroisse de Meyriez"},{"NPA":["1214","1217"],"canton":"Genève","eglise":"EPG","meta":["Mategnin"],"name":"Meyrin","permalink":"https://ma-paroisse.ch/ge/meyrin/","region":"Rhône-Mandement","territoire":["Meyrin","Vernier"],"title":"Paroisse de Meyrin"},{"NPA":["1436","1437","1438","1441","1442","1443"],"canton":"Vaud","eglise":"EERV","meta":["Champvent","Essert-sous-Champvent","Villars-sous-Champvent"],"name":"Montagny - Champvent","permalink":"https://ma-paroisse.ch/vd/montagny-champvent/","region":"Nord vaudois","territoire":["Chamblon","Champvent","Mathod","Montagny-près-Yverdon","Suscévaz","Treycovagnes","Valeyres-sous-Montagny"],"title":"Paroisse de Montagny - Champvent"},{"NPA":null,"canton":"Genève","eglise":"EPG","meta":null,"name":"Montbrillant","permalink":"https://ma-paroisse.ch/ge/montbrillant/","region":"Centre-ville rive droite","territoire":null,"title":"Paroisse de Montbrillant"},{"NPA":["1868","1869","1872","1873","1874","1875","1893"],"canton":"Valais","eglise":"EREV","meta":["Barme","Champoussin","Chemex","Chenarlier","Collombey","Collombey-le-Grand","Croix-du-Nant","Daviaz","Illarsaz","Les Crosets","Les Giettes","Les Ilettes","Les Neyres","Morgins","Muraz","Planachaux","Propéraz","Vers-Ensier"],"name":"Monthey","permalink":"https://ma-paroisse.ch/vs/monthey/","region":null,"territoire":["Champéry","Collombey-Muraz","Massongex","Monthey","Troistorrents","Val-d'Illiez"],"title":"Paroisse de Monthey"},{"NPA":["1820","1822","1823","1824","1832","1833"],"canton":"Vaud","eglise":"EERV","meta":["Baugy","Brent","Caux","Chailly-sur-Clarens","Chamby","Chaulin","Chernex","Chêne","Clarens","Collonge","Cornaux","Crin","Fontanivent","Glion","Les Avants","Les Planches","Mont-Fleuri","Pallens","Pertit","Planchamp","Sonzier","Sâles","Tavel","Territet","Vernex","Villard-sur-Chamby","Vuarennes"],"name":"Montreux","permalink":"https://ma-paroisse.ch/vd/montreux/","region":"Riviera - Pays-d'Enhaut","territoire":["Montreux","Veytaux"],"title":"Paroisse de Montreux - Veytaux"},{"NPA":["1110","1112","1113","1114","1125"],"canton":"Vaud","eglise":"EERV","meta":["Colombier","Échichens","Monnaz","Saint-Saphorin-sur-Morges","St-Saphorin"],"name":"Morges - Échichens","permalink":"https://ma-paroisse.ch/vd/morges-echichens/","region":"Morges - Aubonne","territoire":["Échichens","Morges"],"title":"Paroisse de Morges - Échichens"},{"NPA":["1510","1512","1513","1514"],"canton":"Vaud","eglise":"EERV","meta":["Bressonnaz"],"name":"Moudon - Syens","permalink":"https://ma-paroisse.ch/vd/moudon-syens/","region":"La Broye","territoire":["Bussy-sur-Moudon","Chavannes-sur-Moudon","Hermenches","Moudon","Rossenges","Syens"],"title":"Paroisse de Moudon - Syens"},{"NPA":["2740","2742","2744","2747","2762","2827"],"canton":"Berne","eglise":"RefBeJuSo","meta":["La Scheulte","Elay"],"name":"Moutier","permalink":"https://ma-paroisse.ch/be/moutier/","region":"Par8","territoire":["Moutier","Perrefitte","Belprahon","Roches","Schelten","Seehof"],"title":"Paroisse de Moutier"},{"NPA":["1786","1787","1788","1789"],"canton":"Fribourg","eglise":"EERF","meta":["Lugnorre","Môtier","Mur","Nant","Praz","Sugiez"],"name":"Môtier-Vully","permalink":"https://ma-paroisse.ch/fr/motier-vully/","region":null,"territoire":["Mont-Vully"],"title":"Paroisse de Môtier-Vully"},{"NPA":["2000","2001","2002","2010","2067"],"canton":"Neuchâtel","eglise":"EREN","meta":["Chaumont","La Coudre","Monruz","Serrières"],"name":"Neuchâtel","permalink":"https://ma-paroisse.ch/ne/neuchatel/","region":null,"territoire":["Neuchâtel"],"title":"Paroisse de Neuchâtel"},{"NPA":["2518"],"canton":"Berne","eglise":"RefBeJuSo","meta":null,"name":"Nods","permalink":"https://ma-paroisse.ch/be/nods/","region":"Lac-en-Ciel","territoire":["Nods"],"title":"Paroisse de Nods"},{"NPA":["1197","1260","1299"],"canton":"Vaud","eglise":"EERV","meta":null,"name":"Nyon","permalink":"https://ma-paroisse.ch/vd/nyon/","region":"La Côte","territoire":["Crans","Nyon","Prangins"],"title":"Paroisse de Nyon"},{"NPA":null,"canton":"Vaud","eglise":"EERV","meta":null,"name":"Payerne - Corcelles - Ressudens","permalink":"https://ma-paroisse.ch/vd/payerne-corcelles-ressudens/","region":"La Broye","territoire":null,"title":"Paroisse de Payerne - Corcelles - Ressudens"},{"NPA":["1303","1305","1306"],"canton":"Vaud","eglise":"EERV","meta":["Cossonay-Gare"],"name":"Penthalaz","permalink":"https://ma-paroisse.ch/vd/penthalaz/","region":"Gros-de-Vaud - Venoge","territoire":["Daillens","Penthalaz","Penthaz"],"title":"Paroisse de Penthalaz - Penthaz - Daillens"},{"NPA":["1212","1213","1227"],"canton":"Genève","eglise":"EPG","meta":["Grand-Lancy","Les Acacias","Petit-Lancy","St-Luc"],"name":"Petit-Lancy Saint-Luc","permalink":"https://ma-paroisse.ch/ge/petit-lancy/","region":"Plateau-Champagne","territoire":["Carouge","Genève","Lancy","Onex"],"title":"Paroisse de Petit-Lancy Saint-Luc"},{"NPA":["1212","1228","1232","1256","1257","1258"],"canton":"Genève","eglise":"EPG","meta":["Grand-Lancy","La Croix-de-Rozon","Perly"],"name":"Plan-les-Ouates","permalink":"https://ma-paroisse.ch/ge/plan-les-ouates/","region":"Salève","territoire":["Bardonnex","Confignon","Lancy","Perly-Certoux","Plan-les-Ouates","Troinex"],"title":"Paroisse de Plan-les-Ouates"},{"NPA":["1404","1405","1406","1412","1432","1433","1434"],"canton":"Vaud","eglise":"EERV","meta":["Calamin","Chevressy","Gressy","Le Villaret","Yverdon-les-Bains"],"name":"Pomy - Gressy - Suchy","permalink":"https://ma-paroisse.ch/vd/pomy-gressy-suchy/","region":"Nord vaudois","territoire":["Belmont-sur-Yverdon","Cronay","Cuarny","Épendes","Pomy","Suchy","Ursins","Valeyres-sous-Ursins","Villars-Epeney","Yverdon-les-Bains"],"title":"Paroisse de Pomy - Gressy - Suchy"},{"NPA":["2882","2883","2884","2885","2886","2888","2889","2900","2902","2905","2906","2907","2908","2912","2914","2915","2916","2922","2923","2924","2925","2926","2932","2933","2935","2942","2943","2944","2946","2947","2950","2952","2953","2954"],"canton":"Jura","eglise":"RefBeJuSo","meta":["Asuel","Bressaucourt","Buix","Charmoille","Chevenez","Courtemaîche","Damvant","Épauvillers","Épiquerez","Fregiécourt","Miécourt","Montenol","Montignez","Montmelon-Dessous","Montmelon-Dessus","Ocourt","Pleujouse","Ravines","Réclère","Roche-d'Or","Rocourt","Saint-Ursanne","St-Ursanne","Seleute","Villars-sur-Fontenais","Coeuve"],"name":"Porrentruy","permalink":"https://ma-paroisse.ch/ju/porrentruy/","region":null,"territoire":["Alle","Basse-Allaine","Beurnevésin","Boncourt","Bonfol","Bure","Clos du Doubs","Cœuve","Cornol","Courchavon","Courgenay","Courtedoux","Damphreux","Fahy","Fontenais","Grandfontaine","Haute-Ajoie","La Baroche","Lugnez","Porrentruy","Vendlincourt"],"title":"Paroisse de Porrentruy"},{"NPA":["1008"],"canton":"Vaud","eglise":"EERV","meta":null,"name":"Prilly - Jouxtens","permalink":"https://ma-paroisse.ch/vd/prilly-jouxtens/","region":"Les Chamberonnes","territoire":["Jouxtens-Mézery","Prilly"],"title":"Paroisse de Prilly - Jouxtens"},{"NPA":["1009","1094"],"canton":"Vaud","eglise":"EERV","meta":["Les Monts-de-Pully","Trois Chasseurs"],"name":"Pully - Paudex","permalink":"https://ma-paroisse.ch/vd/pully-paudex/","region":"Lavaux","territoire":["Paudex","Pully"],"title":"Paroisse de Pully - Paudex"},{"NPA":["1407","1408","1409","1415","1464"],"canton":"Vaud","eglise":"EERV","meta":["Chanéaz","Chapelle-sur-Moudon","Correvon","Denezy","Donneloye","Gossens","Martherenges","Mézery-près-Donneloye","Neyruz-sur-Moudon","Peyres-Possens","Prahins","Saint-Cierges","St-Cierges","Thierrens"],"name":"Pâquier - Donneloye","permalink":"https://ma-paroisse.ch/vd/paquier-donneloye/","region":"Nord vaudois","territoire":["Bioley-Magnoux","Chavannes-le-Chêne","Chêne-Pâquier","Donneloye","Démoret","Molondin","Montanaire"],"title":"Paroisse de Pâquier - Donneloye"},{"NPA":["2616"],"canton":"Berne","eglise":"RefBeJuSo","meta":["Les Convers"],"name":"Renan","permalink":"https://ma-paroisse.ch/be/renan/","region":"Erguël","territoire":["Renan"],"title":"Paroisse de Renan"},{"NPA":["1020"],"canton":"Vaud","eglise":"EERV","meta":null,"name":"Renens","permalink":"https://ma-paroisse.ch/vd/renens/","region":"Les Chamberonnes","territoire":["Renens"],"title":"Paroisse de Renens"},{"NPA":["2534","2535","2536","2537","2538","2603","2604"],"canton":"Berne","eglise":"RefBeJuSo","meta":["Frinvillier","Les Prés-d'Orvin","Plagne","Reuchenette","Rondchâtel","Vauffelin"],"name":"Rondchâtel","permalink":"https://ma-paroisse.ch/be/rondchatel/","region":null,"territoire":["Orvin","Péry-La Heutte","Romont","Sauge"],"title":"Paroisse de Rondchâtel"},{"NPA":["1264","1265","1273"],"canton":"Vaud","eglise":"EERV","meta":["La Cure","St-Cergue"],"name":"Saint-Cergue","permalink":"https://ma-paroisse.ch/vd/st-cergue/","region":"La Côte","territoire":["Arzier-Le Muids","Saint-Cergue"],"title":"Paroisse de Saint-Cergue"},{"NPA":["1000","1003","1005","1006","1007","1009"],"canton":"Vaud","eglise":"EERV","meta":["Lausanne 25","Lausanne 26","Lausanne 27","Le Chalet-à-Gobet","Les Monts-de-Pully","Montblesson","Montheron","Trois Chasseurs","Vernand-Dessous","Vernand-Dessus","Vers-chez-les-Blanc","St-François","St-Jacques"],"name":"Saint-François - Saint-Jacques","permalink":"https://ma-paroisse.ch/vd/st-francois-st-jacques/","region":"Lausanne - Épalinges","territoire":["Lausanne","Pully"],"title":"Paroisse de Saint-François - Saint-Jacques"},{"NPA":null,"canton":"Genève","eglise":"EPG","meta":null,"name":"Saint-Gervais-Pâquis","permalink":"https://ma-paroisse.ch/ge/saint-gervais-paquis/","region":"Centre-ville rive droite","territoire":null,"title":"Paroisse de Saint-Gervais-Pâquis"},{"NPA":["2610"],"canton":"Berne","eglise":"RefBeJuSo","meta":["Le Cerneux-Veusil","Les Pontins","Mont-Soleil","St-Imier"],"name":"Saint-Imier","permalink":"https://ma-paroisse.ch/be/st-imier/","region":"Erguël","territoire":["Saint-Imier"],"title":"Paroisse de Saint-Imier"},{"NPA":["1006","1007"],"canton":"Vaud","eglise":"EERV","meta":["Le Chalet-à-Gobet","Montblesson","Montheron","Vernand-Dessous","Vernand-Dessus","Vers-chez-les-Blanc","St-Jean"],"name":"Saint-Jean","permalink":"https://ma-paroisse.ch/vd/st-jean/","region":"Lausanne - Épalinges","territoire":["Lausanne"],"title":"Paroisse de Saint-Jean"},{"NPA":["1003","1004","1005","1008"],"canton":"Vaud","eglise":"EERV","meta":["Le Chalet-à-Gobet","Montblesson","Montheron","Vernand-Dessous","Vernand-Dessus","Vers-chez-les-Blanc","St-Laurent"],"name":"Saint-laurent - Les Bergières","permalink":"https://ma-paroisse.ch/vd/st-laurent-bergieres/","region":"Lausanne - Épalinges","territoire":["Jouxtens-Mézery","Lausanne","Prilly"],"title":"Paroisse de Saint-Laurent - Les Bergières"},{"NPA":["1126","1131","1132","1134","1135","1162","1167","1168","1169"],"canton":"Vaud","eglise":"EERV","meta":["Lussy","St-Prex"],"name":"Saint-Prex - Lussy - Vufflens","permalink":"https://ma-paroisse.ch/vd/st-prex-lussy-vufflens/","region":"Morges - Aubonne","territoire":["Chigny","Denens","Lully","Lussy-sur-Morges","Saint-Prex","Tolochenaz","Vaux-sur-Morges","Villars-sous-Yens","Vufflens-le-Château","Yens"],"title":"Paroisse de Saint-Prex - Lussy - Vufflens"},{"NPA":["1070","1071","1098","1803"],"canton":"Vaud","eglise":"EERV","meta":["Cremières","Cully","Épesses","Grandvaux","Grangeneuve","La Croix","Le Mont-Pèlerin","Lignières","Publoz","Riex","Treytorrens","Villette","St-Saphorin"],"name":"Saint-Saphorin","permalink":"https://ma-paroisse.ch/vd/st-saphorin/","region":"Lavaux","territoire":["Bourg-en-Lavaux","Chardonne","Chexbres","Puidoux","Rivaz","Saint-Saphorin"],"title":"Paroisse de Saint-Saphorin"},{"NPA":["1072","1073"],"canton":"Vaud","eglise":"EERV","meta":["La Claie-aux-Moines","Mollie-Margot"],"name":"Savigny - Forel","permalink":"https://ma-paroisse.ch/vd/savigny-forel/","region":"Lavaux","territoire":["Forel (Lavaux)","Savigny"],"title":"Paroisse de Savigny - Forel"},{"NPA":null,"canton":"Genève","eglise":"EPG","meta":null,"name":"Servette-Vieusseux","permalink":"https://ma-paroisse.ch/ge/servette-vieusseux/","region":"Centre-ville rive droite","territoire":null,"title":"Paroisse de Servette-Vieusseux"},{"NPA":["1950","1955","1957","1961","1963","1964","1965","1966","1968","1969","1971","1972","1973","1974","1981","1983","1987","1993","1993","1994","1996","1997"],"canton":"Valais","eglise":"EREV","meta":["Anzère","Aproz","Aproz","Argnou","Arolla","Aven","Ayer","Baar","Basse-Nendaz","Beuson","Bieudron","Blignou","Botyre","Bramois","Brignon","Cerise","Champlan","Champsec","Chandolin","Châteauneuf","Châteauneuf-Conthey","Chatelard","Clèbes","Coméraz","Condémines","Conthey-Place","Cor","Daillon","Derborence","Diolly","Drône","Eison","Erde","Euseigne","Évolène","Fey","Fortunau","Granois","Grugnay","Haute-Nendaz","La Crettaz","La Forclaz","La Luette","La Muraz","La Place","La Sage","La Sionne","La Tour","Lannaz","Les Agettes","Les Bioleys","Les Fermes","Les Haudères","Les Masses","Les Mayens-de-Chamoson","les Places","Les Vérines","Liez","Luc","Mâche","Magnot","Mase","Mayens-de-la-Zour","Molignon","Monteiller","Nax","Némiaz","Nendaz-Station","Ormône","Plan-Conthey","Planchouet","Pomeyron","Pont-de-la-Morge","Pont-de-la-Morge","Pralong","Praz-Jean","Premploz","Prinzières","Prolin","Riod","Roumaz","Saclentse","Salins","Saxonne","Sensine","Signèse","Siviez","Sornard","Saint-Germain","St-Germain","Saint-Léonard","St-Léonard","Saint-Martin","St-Martin","Saint-Pierre-de-Clages","St-Pierre-de-Clages","Saint-Raphaël","St-Raphaël","Saint-Romain","St-Romain","Saint-Severin","St-Severin","Suen","Trogne","Uvrier","Vens","Vernamiège","Verrey","Villa","Vissigen","Vuisse"],"name":"Sion","permalink":"https://ma-paroisse.ch/vs/sion/","region":null,"territoire":["Arbaz","Ardon","Ayent","Chamoson","Conthey","Évolène","Grimisuat","Hérémence","Hérens","Mont-Noble","Nendaz","Saint-Léonard","Saint-Martin","Savièse","Sion","Vétroz","Vex","Veysonnaz"],"title":"Paroisse de Sion"},{"NPA":["2605"],"canton":"Berne","eglise":"RefBeJuSo","meta":null,"name":"Sonceboz-Sombeval","permalink":"https://ma-paroisse.ch/be/sonceboz-sombeval/","region":"Erguël","territoire":["Sonceboz-Sombeval"],"title":"Paroisse de Sonceboz-Sombeval"},{"NPA":["2615"],"canton":"Berne","eglise":"RefBeJuSo","meta":["La Chaux-d'Abel"],"name":"Sonvilier","permalink":"https://ma-paroisse.ch/be/sonvilier/","region":"Erguël","territoire":["Sonvilier"],"title":"Paroisse de Sonvilier"},{"NPA":["2715","2716"],"canton":"Berne","eglise":"RefBeJuSo","meta":["Châtelat","Moron","Fornet-Dessous","Monible","Sornetan","Souboz","Rebévelier","Lajoux","Fornet-Dessus","Les Genevez","Les Écorcheresses","Le Pichoux"],"name":"Sornetan","permalink":"https://ma-paroisse.ch/be/sornetan/","region":"Par8","territoire":["Petit-Val"],"title":"Paroisse de Sornetan"},{"NPA":["1279","1290","1291","1295","1296","1297"],"canton":"Vaud","eglise":"EERV","meta":["Bossey","Chataigneriaz"],"name":"Terre Sainte - Céligny","permalink":"https://ma-paroisse.ch/vd/terre-sainte-celigny/","region":"La Côte","territoire":["Bogis-Bossey","Chavannes-de-Bogis","Chavannes-des-Bois","Commugny","Coppet","Founex","Mies","Tannay"],"title":"Paroisse de Terre Sainte - Céligny"},{"NPA":["1298"],"canton":"Genève","eglise":"EPG","meta":null,"name":"Terre Sainte-Céligny","permalink":"https://ma-paroisse.ch/ge/terre-sainte-celigny/","region":"La Côte","territoire":["Céligny"],"title":"Paroisse de Terre Sainte-Céligny"},{"NPA":["2720","2722"],"canton":"Berne","eglise":"RefBeJuSo","meta":["Les Reussilles"],"name":"Tramelan","permalink":"https://ma-paroisse.ch/be/tramelan/","region":"Par8","territoire":["Mont-Tramelan","Tramelan"],"title":"Paroisse de Tramelan"},{"NPA":["1227","1228","1234","1255","1256","1257"],"canton":"Genève","eglise":"EPG","meta":["Carouge","La Croix-de-Rozon","Les Acacias","Vessy"],"name":"Troinex-Veyrier","permalink":"https://ma-paroisse.ch/ge/troinex-veyrier/","region":"Salève","territoire":["Bardonnex","Carouge","Genève","Plan-les-Ouates","Troinex","Veyrier"],"title":"Paroisse de Troinex-Veyrier"},{"NPA":["1337"],"canton":"Vaud","eglise":"EERV","meta":["Le Creux","Le Day"],"name":"Vallorbe","permalink":"https://ma-paroisse.ch/vd/vallorbe/","region":"Joux - Orbe","territoire":["Vallorbe"],"title":"Paroisse de Vallorbe"},{"NPA":["1148","1322","1323","1324","1325","1326","1329"],"canton":"Vaud","eglise":"EERV","meta":["Envy","La Coudre","Le Cosson","Les Mousses","Moiry","Mollendruz","Romainmôtier","Saint-Denis","St-Denis","Villars-Bozon"],"name":"Vaulion - Romainmôtier","permalink":"https://ma-paroisse.ch/vd/vaulion-romainmotier/","region":"Joux - Orbe","territoire":["Bretonnières","Chavannes-le-Veyron","Croy","Cuarnens","Juriens","L'Isle","La Praz","Mauraz","Moiry","Mont-la-Ville","Premier","Romainmôtier-Envy","Vaulion"],"title":"Paroisse de Vaulion - Romainmôtier"},{"NPA":null,"canton":"Genève","eglise":"EPG","meta":null,"name":"Vernier","permalink":"https://ma-paroisse.ch/ge/vernier/","region":"Rhône-Mandement","territoire":null,"title":"Paroisse de Vernier"},{"NPA":["1290"],"canton":"Genève","eglise":"EPG","meta":null,"name":"Versoix","permalink":"https://ma-paroisse.ch/ge/versoix/","region":"Jura-Lac","territoire":["Versoix"],"title":"Paroisse de Versoix"},{"NPA":["1800"],"canton":"Vaud","eglise":"EERV","meta":null,"name":"Vevey","permalink":"https://ma-paroisse.ch/vd/vevey/","region":"Riviera - Pays-d'Enhaut","territoire":["Vevey"],"title":"Paroisse de Vevey"},{"NPA":["1147","1148"],"canton":"Vaud","eglise":"EERV","meta":["La Coudre","Les Mousses","Moiry","Mollendruz","Saint-Denis","St-Denis","Villars-Bozon"],"name":"Veyron - Venoge","permalink":"https://ma-paroisse.ch/vd/veyron-venoge/","region":"Gros-de-Vaud - Venoge","territoire":["Chavannes-le-Veyron","Cuarnens","L'Isle","La Praz","Mauraz","Moiry","Mont-la-Ville","Montricher"],"title":"Paroisse de Veyron - Venoge"},{"NPA":["1844","1845","1846","1847","1852"],"canton":"Vaud","eglise":"EERV","meta":["Crebelley"],"name":"Villeneuve - Noville","permalink":"https://ma-paroisse.ch/vd/villeneuve-noville/","region":"Chablais vaudois","territoire":["Chessel","Noville","Rennaz","Roche","Villeneuve"],"title":"Paroisse de Villeneuve – Haut-Lac"},{"NPA":["2613"],"canton":"Berne","eglise":"RefBeJuSo","meta":null,"name":"Villeret","permalink":"https://ma-paroisse.ch/be/villeret/","region":"Erguël","territoire":["Villeret"],"title":"Paroisse de Villeret"},{"NPA":["1091","1096","1097","1098"],"canton":"Vaud","eglise":"EERV","meta":["Aran","Chenaux","Cully","Épesses","Grandvaux","Riex","Villette","Villette (Lavaux)"],"name":"Villette","permalink":"https://ma-paroisse.ch/vd/villette/","region":"Lavaux","territoire":["Bourg-en-Lavaux"],"title":"Paroisse de Villette"},{"NPA":["1031","1034","1035","1036","1302"],"canton":"Vaud","eglise":"EERV","meta":null,"name":"Vufflens-la-Ville","permalink":"https://ma-paroisse.ch/vd/vufflens-la-ville/","region":"Gros-de-Vaud - Venoge","territoire":["Bournens","Boussens","Mex","Sullens","Vufflens-la-Ville"],"title":"Paroisse de Vufflens-la-Ville"},{"NPA":["1580","1584","1585","1586","1587","1588","1589","1595","1787"],"canton":"Vaud","eglise":"EERV","meta":["Avenches","Bellerive","Bellerive","Chabrey","Champmartin","Constantine","Cotterd","Donatyre","Haras national","La Sauge","Montet  (Vully)","Montmagny","Mur","Mur (Vully)","Oleyres","Salavaux","Vallamand","Villars-le-Grand"],"name":"Vully - Avenches","permalink":"https://ma-paroisse.ch/vd/vully-avenches/","region":"La Broye","territoire":["Avenches","Cudrefin","Faoug","Vully-les-Lacs"],"title":"Paroisse de Vully - Avenches"},{"NPA":["1202","1218","1239","1290","1292","1293","1294"],"canton":"Genève","eglise":"EPG","meta":["Chambésy","Collex"],"name":"5 Communes","permalink":"https://ma-paroisse.ch/ge/cinq-communes/","region":"Jura-Lac","territoire":["Bellevue","Collex-Bossy","Genthod","Genève","Le Grand-Saconnex","Pregny-Chambésy","Versoix"],"title":"Paroisse des 5 Communes"},{"NPA":["1880","1882","1892"],"canton":"Vaud","eglise":"EERV","meta":["Anzeindaz","Chêne-sur-Bex","Fenalet-sur-Bex","Frenières-sur-Bex","La Barboleusaz","Lavey-Village","Lavey-les-Bains","Le Bévieux","Le Châtel","Les Dévens","Les Pars","Les Plans-sur-Bex","Les Posses-sur-Bex","Morcles","Pont-de-Nant","Solalex","Vasselin"],"name":"Les Avançons","permalink":"https://ma-paroisse.ch/vd/avancons/","region":"Chablais vaudois","territoire":["Bex","Gryon","Lavey-Morcles"],"title":"Paroisse des Avançons"},{"NPA":["1207","1208","1223"],"canton":"Genève","eglise":"EPG","meta":null,"name":"Eaux-Vives","permalink":"https://ma-paroisse.ch/ge/eaux-vives/","region":"Centre-ville rive gauche","territoire":["Cologny","Genève"],"title":"Paroisse des Eaux-Vives"},{"NPA":["2336","2338","2345","2350","2353","2354"],"canton":"Jura","eglise":"RefBeJuSo","meta":["Chaumont","Goumois","La Theurre","Le Cerneux-Veusil","Le Cratat Loviat","Le Peuchapatte","Le Roselet","Les Cerlatez","Les Chenevières","Les Écarres","Les Émibois","Les Peux","Les Pommerats","Montfavergier","Muriaux","St-Brais"],"name":"Franches-Montagnes","permalink":"https://ma-paroisse.ch/ju/franches-montagnes/","region":null,"territoire":["La Chaux-des-Breuleux","Lajoux","Le Bémont","Le Noirmont","Les Bois","Les Breuleux","Les Enfers","Les Genevez","Montfaucon","Muriaux","Saignelégier","Saint-Brais","Soubey"],"title":"Paroisse des Franches-Montagnes"},{"NPA":["2316","2318","2400","2405","2406","2414","2416"],"canton":"Neuchâtel","eglise":"EREN","meta":["Les Monts-de-Travers","Le Cernil"],"name":"Les Hautes Joux","permalink":"https://ma-paroisse.ch/ne/hautes-joux/","region":null,"territoire":["Brot-Plamboz","La Brévine","La Chaux-du-Milieu","Le Cerneux-Péquignot","Le Locle","Les Brenets","Les Ponts-de-Martel"],"title":"Paroisse des Hautes Joux"},{"NPA":["1854","1862","1863","1864","1865","1866"],"canton":"Vaud","eglise":"EERV","meta":["Cergnat","Crettaz","La Comballaz","La Forclaz","La Forclaz","Le Pont-de-la-Tine","Le Rosex","Le Sépey","Les Aviolats","Les Diablerets","Les Mosses","Les Planches","Les Voettes","Vers-l'Eglise","Veyges (hameaux)"],"name":"Ormonts - Leysin","permalink":"https://ma-paroisse.ch/vd/ormonts-leysin/","region":"Chablais vaudois","territoire":["Leysin","Ormont-Dessous","Ormont-Dessus"],"title":"Paroisse des Ormonts - Leysin"},{"NPA":["1450","1452","1453","1454"],"canton":"Vaud","eglise":"EERV","meta":["Chasseron","Culliairy","L'Auberson","La Chaux","La Sagne","La Vraconnaz","Le Château-Sainte-Croix","Les Cluds","Les Rasses","Les Replans","Ste-Croix"],"name":"Balcon du Jura","permalink":"https://ma-paroisse.ch/vd/balcon-jura/","region":"Nord vaudois","territoire":["Bullet","Mauborget","Sainte-Croix"],"title":"Paroisse du Balcon du Jura"},{"NPA":["1920","1921","1922","1927","1933","1933","1934","1936","1937","1941","1942","1945","1947","1948"],"canton":"Valais","eglise":"EREV","meta":["Bonatchiesse","Branche","Bruson","Chamoille","Chamoille","Champex-Lac","Champsec","Charrat","Chemin-Dessous","Chemin-Dessus","Chez-les-Addy","Chez-les-Giroud","Chez-les-Reuse","Chez-Petit","Commeire","Cries","Dranse","Étiez","Ferret","Fionnay","Fontaine-Dessous","Fontaine-Dessus","Fontenelle","Fornex","Issert","La Bâtiaz","La Douay","La Fontaine","La Fouly","La Garde","La Rosière","La Verrerie","Le Bioley","Le Biolley Chandonne","Le Borgeaud","Le Brocard","Le Cergneux","Le Châble","le Cotterg","Le Fays","le Fregnoley","Le Guercet","Le Levron","Le Pied-du-Château","le Sapey","Le Sommet-des-Vignes","Le Trétien","Les Arlaches","Les Granges","Les Marécottes","Les Moulins","Les Places","Les Rappes","Lourtier","Martigny-Bourg","Martigny-Ville","Mauvoisin","Médières","Montagnier","Orsières","Palazuit","Prarreyer","Prassurny","Prayon","Praz-de-Fort","Ravoire","Reppaz","Rive-Haute","Sarreyer","Sembrancher","Somlaproz","Soulalex","Van d'en Bas","Van d'en Haut","Vens","Verbier","Verbier Village","Verlonne","Versegères","Vichères","Villette","Vollèges","Bourg-St-Pierre"],"name":"Coude du Rhône","permalink":"https://ma-paroisse.ch/vs/coude-rhone/","region":null,"territoire":["Bagnes","Bourg-Saint-Pierre","Collonges","Les Marécottes","Leytron","Liddes","Martigny","Martigny-Croix","Orsières","Salvan","Saxon","Sembrancher","Trient","Val de Bagnes"],"title":"Paroisse du Coude du Rhône"},{"NPA":["1166","1180","1182","1183","1184","1185","1195"],"canton":"Vaud","eglise":"EERV","meta":["Le Vernay","Vincy"],"name":"Cœur de la Côte","permalink":"https://ma-paroisse.ch/vd/coeur-cote/","region":"La Côte","territoire":["Bursinel","Bursins","Dully","Gilly","Luins","Mont-sur-Rolle","Perroy","Rolle","Tartegnin","Vinzel"],"title":"Paroisse du Cœur de la Côte"},{"NPA":["1000","1041","1053","1054","1055"],"canton":"Vaud","eglise":"EERV","meta":["Dommartin","Hameau de Béthusy","Lausanne 25","Lausanne 26","Lausanne 27","Le Chalet-à-Gobet","Montaubion-Chardonney","Montblesson","Montheron","Naz","Peney-le-Jorat","Poliez-le-Grand","Sottens","Sugnens","Vernand-Dessous","Vernand-Dessus","Vers-chez-les-Blanc","Villars-Mendraz","Villars-Tiercelin"],"name":"Le Haut-Talent","permalink":"https://ma-paroisse.ch/vd/haut-talent/","region":"Les Chamberonnes","territoire":["Bottens","Bretigny-sur-Morrens","Cugy","Froideville","Jorat-Menthue","Lausanne","Montilliez","Morrens","Poliez-Pittet"],"title":"Paroisse du Haut-Talent"},{"NPA":["2015","2016","2017","2022","2023","2024","2025","2027","2028"],"canton":"Neuchâtel","eglise":"EREN","meta":["Areuse","Bevaix","Chez-le-Bart","Fresens","Gorgier","Montalchez","Saint-Aubin-Sauges","Vaumarcus","St-Aubin","Sauges"],"name":"Le Joran","permalink":"https://ma-paroisse.ch/ne/joran/","region":null,"territoire":["Boudry","Cortaillod","La Grande Béroche"],"title":"Paroisse du Joran"},{"NPA":["1076","1077","1080","1081","1082","1083","1084","1085","1088","1509"],"canton":"Vaud","eglise":"EERV","meta":["Bressonnaz-Dessus","Carrouge","Carrouge","Ferlens","Ferlens","Les Cullayes","Mézières","Mézières","Seppey-pres-Vulliens","Servion","Ussières"],"name":"Jorat","permalink":"https://ma-paroisse.ch/vd/jorat/","region":"La Broye","territoire":["Corcelles-le-Jorat","Jorat-Mézières","Montpreveyres","Ropraz","Servion","Vucherens","Vulliens"],"title":"Paroisse du Jorat"},{"NPA":["1214","1217","1242","1257","1281","1283"],"canton":"Genève","eglise":"EPG","meta":["La Croix-de-Rozon","La Plaine"],"name":"Mandement","permalink":"https://ma-paroisse.ch/ge/mandement/","region":"Rhône-Mandement","territoire":["Bardonnex","Dardagny","Meyrin","Russin","Satigny","Vernier"],"title":"Paroisse du Mandement"},{"NPA":["1425","1426","1428"],"canton":"Vaud","eglise":"EERV","meta":["La Raisse","Les Prises * (VD/NE)"],"name":"Mont-Aubert","permalink":"https://ma-paroisse.ch/vd/mont-aubert/","region":"Nord vaudois","territoire":["Concise","Corcelles-près-Concise","Mutrux","Onnens","Provence"],"title":"Paroisse du Mont-Aubert"},{"NPA":["1052"],"canton":"Vaud","eglise":"EERV","meta":["Le Grand-Mont","Le Petit-Mont","Les Planches"],"name":"Le Mont-sur-Lausanne","permalink":"https://ma-paroisse.ch/vd/mont-sur-lausanne/","region":"Les Chamberonnes","territoire":["Le Mont-sur-Lausanne"],"title":"Paroisse du Mont-sur-Lausanne"},{"NPA":["1658","1659","1660"],"canton":"Vaud","eglise":"EERV","meta":["Flendruz","L'Etivaz","La Chaudanne","La Lécherette","La Tine","Les Granges","Les Moulins","Château-d'OEx"],"name":"Pays-d'Enhaut","permalink":"https://ma-paroisse.ch/vd/pays-enhaut/","region":"Riviera - Pays-d'Enhaut","territoire":["Château-d'Œx","Rossinière","Rougemont"],"title":"Paroisse du Pays d'Enhaut"},{"NPA":["1202","1209","1218"],"canton":"Genève","eglise":"EPG","meta":null,"name":"Petit-Saconnex","permalink":"https://ma-paroisse.ch/ge/petit-saconnex/","region":"Jura-Lac","territoire":["Genève","Le Grand-Saconnex"],"title":"paroisse du Petit-Saconnex"},{"NPA":["1116","1127","1128","1136","1141","1142","1143","1144","1145","1146","1149"],"canton":"Vaud","eglise":"EERV","meta":["Bussy-sur-Morges","Chardonney-sur-Morges","Hameau de Froideville"],"name":"Pied du Jura","permalink":"https://ma-paroisse.ch/vd/pied-jura/","region":"Morges - Aubonne","territoire":["Apples","Ballens","Berolle","Bière","Bussy-Chardonney","Clarmont","Cottens","Mollens","Pampigny","Reverolle","Sévery"],"title":"Paroisse du Pied du Jura"},{"NPA":["1045","1059","1061","1062","1063","1410","1515"],"canton":"Vaud","eglise":"EERV","meta":["Chanéaz","Chapelle-sur-Moudon","Correvon","Denezy","Martherenges","Montaubion-Chardonney","Neyruz-sur-Moudon","Peney-le-Jorat","Peyres-Possens","Saint-Cierges","St-Cierges","Sottens","Thierrens","Villars-Mendraz","Villars-Tiercelin"],"name":"Plateau du Jorat","permalink":"https://ma-paroisse.ch/vd/plateau-jorat/","region":"Gros-de-Vaud - Venoge","territoire":["Boulens","Jorat-Menthue","Montanaire","Ogens","Villars-le-Comte"],"title":"Paroisse du Plateau du Jorat"},{"NPA":["1038","1044","1413","1416","1417","1418"],"canton":"Vaud","eglise":"EERV","meta":["Épautheyres","La Robellaz","Nonfoux","Vuarrengel"],"name":"Sauteruz","permalink":"https://ma-paroisse.ch/vd/sauteruz/","region":"Gros-de-Vaud - Venoge","territoire":["Bercher","Essertines-sur-Yverdon","Fey","Orzens","Pailly","Vuarrens"],"title":"Paroisse du Sauteruz"},{"NPA":["1003","1004","1007","1008","1009","1020"],"canton":"Vaud","eglise":"EERV","meta":["Le Chalet-à-Gobet","Les Monts-de-Pully","Montblesson","Montheron","Trois Chasseurs","Vernand-Dessous","Vernand-Dessus","Vers-chez-les-Blanc"],"name":"Sud-Ouest lausannois","permalink":"https://ma-paroisse.ch/vd/sud-ouest-lausannois/","region":"Lausanne - Épalinges","territoire":["Jouxtens-Mézery","Lausanne","Prilly","Pully","Renens"],"title":"Paroisse du Sud-Ouest lausannois"},{"NPA":["1037","1040","1041","1042","1375","1376","1377"],"canton":"Vaud","eglise":"EERV","meta":["Assens","Dommartin","Éclagnens","Goumoens-la-Ville","Goumoens-le-Jux","Goumoëns-la-Ville","Goumoëns-le-Jux","Malapalud","Montaubion-Chardonney","Naz","Peney-le-Jorat","Poliez-le-Grand","Sottens","Sugnens","Villars-Mendraz","Villars-Tiercelin","St-Barthélemy"],"name":"Talent","permalink":"https://ma-paroisse.ch/vd/talent/","region":"Gros-de-Vaud - Venoge","territoire":["Assens","Bettens","Bioley-Orjulaz","Bottens","Échallens","Étagnières","Goumoëns","Jorat-Menthue","Montilliez","Oulens-sous-Échallens","Penthéréaz","Poliez-Pittet","Saint-Barthélemy","Villars-le-Terroir"],"title":"Paroisse du Talent"},{"NPA":["2103","2105","2108","2112","2113","2114","2115","2116","2117","2123","2126","2127"],"canton":"Neuchâtel","eglise":"EREN","meta":["Boveresse","Buttes","Couvet","Fleurier","Les Bayards","Môtiers","Noiraigue","Saint-Sulpice","St-Sulpice","Travers"],"name":"Val-de-Travers","permalink":"https://ma-paroisse.ch/ne/val-de-travers/","region":null,"territoire":["La Côte-aux-Fées","Les Verrières","Val-de-Travers"],"title":"Paroisse du Val-de-Travers"},{"NPA":null,"canton":"Berne","eglise":"RefBeJuSo","meta":null,"name":"Berne","permalink":"https://ma-paroisse.ch/be/berne/","region":null,"territoire":["Berne"],"title":"Paroisse française de Berne"},{"NPA":["2300","2301","2302","2303","2304","2314","2322","2325","2333","2616"],"canton":"Neuchâtel","eglise":"EREN","meta":["Le Crêt-du-Locle","La Cibourg"],"name":"La Chaux-de-Fonds","permalink":"https://ma-paroisse.ch/ne/chaux-de-fonds/","region":null,"territoire":["La Sagne","Les Planchettes","La Chaux-de-Fonds"],"title":"Paroisse La Chaux-de-Fonds"},{"NPA":["1000","1005","1009","1010","1012","1066"],"canton":"Vaud","eglise":"EERV","meta":["Lausanne 25","Lausanne 26","Lausanne 27","Le Chalet-à-Gobet","Les Monts-de-Pully","Montblesson","Montheron","Trois Chasseurs","Vernand-Dessous","Vernand-Dessus","Vers-chez-les-Blanc"],"name":"La Sallaz - Les Croisettes","permalink":"https://ma-paroisse.ch/vd/sallaz-croisettes/","region":"Lausanne - Épalinges","territoire":["Épalinges","Lausanne","Pully"],"title":"Paroisse La Sallaz - Les Croisettes"},{"NPA":null,"canton":"Genève","eglise":"EPG","meta":null,"name":"Paroisse Rive-Gauche","permalink":"https://ma-paroisse.ch/ge/rive-gauche/","region":"Centre-ville rive gauche","territoire":null,"title":"Paroisse Rive Gauche"},{"NPA":null,"canton":"Genève","eglise":"EPG","meta":null,"name":"Saint-Pierre Fusterie","permalink":"https://ma-paroisse.ch/ge/saint-pierre-fusterie/","region":"Centre-ville rive gauche","territoire":null,"title":"Paroisse Saint-Pierre-Fusterie"},{"NPA":["2037","2042","2043","2046","2052","2053","2054","2056","2057","2058","2063","2065","2206","2207","2208"],"canton":"Neuchâtel","eglise":"EREN","meta":["Boudevilliers","Cernier","Chézard-Saint-Martin","Coffrane","Dombresson","Engollon","Fenin","Fontainemelon","Fontaines","La Vue-des-Alpes","Le Pâquier","Les Geneveys-sur-Coffrane","Les Hauts-Geneveys","Les Vieux-Prés","Montmollin","Saules","Savagnier","Valangin","Vilars","Villiers","Chézard","St-Martin"],"name":"Val-de-Ruz","permalink":"https://ma-paroisse.ch/ne/val-de-ruz/","region":null,"territoire":["Val-de-Ruz","Neuchâtel"],"title":"Paroisse Val-de-Ruz"}]